variable_name,readable_name,definition,description,type,units,allowed_values,value_labels,missing_values,source_or_origin,derivation_or_transformation,validation_rules,notes,review_status
"ICU_patient_database.xlsx","Patient workbook","Restricted patient-level study workbook","Expected input workbook imported from sheet data.","file","","","","not present in public repo","data/ICU_patient_database.xlsx","","file must exist for local Stata run","Restricted input; do not commit.","verified"
"ICU_selection_database.xlsx","Selection workbook","Restricted screening and participation workbook","Expected input workbook imported from sheet data.","file","","","","not present in public repo","data/ICU_selection_database.xlsx","","file must exist for local Stata run","Restricted input; do not commit.","verified"
"hr_data.xlsx","Heart-rate workbook","Restricted heart rate and HRV summary workbook","Expected input workbook imported from sheet Sheet1.","file","","","","not present in public repo","data/hr_data.xlsx","","file must exist for local Stata run","Restricted input; do not commit.","verified"
"db_for_consort.dta","Derived CONSORT dataset","Derived Stata file used by Quarto enrollment diagram","Generated by VR_ICU.do and consumed by VR Consort Diagram.qmd.","file","","","","generated if Stata workflow succeeds","outputs/stata/db_for_consort.dta","save after participation variables are created","file must exist before Quarto render","Generated output; do not commit.","verified"
"patient_id","Patient ID","Study patient identifier used as merge key","Used to merge patient and selection workbooks and identify completed VR experience in the flow diagram.","text","","","","missing rows dropped or locally filled for blank selection IDs","ICU_patient_database.xlsx and ICU_selection_database.xlsx","Selection rows with blank patient_id are assigned ICU_M_ plus row id before merge.","nonmissing after cleaning","Study identifier; not public data.","verified"
"id","Row ID","Row-order identifier","Generated after workbook import for internal row tracking and flow diagram counts.","integer","","positive integer","","","VR_ICU.do","generate id = _n","integer greater than 0","","verified"
"female","Female gender indicator","Binary indicator generated from source gender","Used in demographic summaries.","integer","","0-1","0 = Male | 1 = Female","missing if gender not f or m","gender in patient workbook","gender f -> 1; gender m -> 0","must be 0, 1, or missing","","verified"
"consent","Consented indicator","Binary consent indicator","Used to summarize screening and consent status.","integer","","0-1","0 = No | 1 = Yes","missing if consented not yes or no","consented in selection workbook","consented yes -> 1; consented no -> 0","must be 0, 1, or missing","","verified"
"date","Study date","Study encounter or screening date","Used by Quarto to mark one incomplete survey reason.","date or text","","","","missing possible","selection workbook","Not converted in current Stata workflow; a commented conversion block remains.","date-like value","Confirm type in restricted workbook before secondary analysis.","needs_review"
"race","Race","Encoded race variable","Race string is cleaned and encoded for summaries.","categorical","","source-dependent","","missing possible","race in patient workbook","race typo wite -> white; encoded after renaming source to nih_race","valid encoded category","Value labels depend on restricted source data.","verified"
"ethnicity","Ethnicity","Encoded ethnicity variable","Ethnicity string is encoded for summaries.","categorical","","source-dependent","","missing possible","ethnicity in patient workbook","encoded after renaming source to nih_ethnicity","valid encoded category","Value labels depend on restricted source data.","verified"
"prior_vr","Prior VR use","Binary prior VR exposure indicator","Used in VR characteristics summary.","integer","","0-1","0 = No Prior VR Use | 1 = Prior VR Use","missing if vr_history not yes or no","vr_history in patient workbook","vr_history yes -> 1; vr_history no -> 0","must be 0, 1, or missing","","verified"
"dm","Type 2 diabetes","Comorbidity indicator for diabetes","Generated by string search of medical_history.","integer","","0-1","","","medical_history in patient workbook","1 if medical_history contains t2dm or diabetes; otherwise 0","must be 0 or 1","String-search rule should be reviewed against source text before reuse.","needs_review"
"afib","Atrial fibrillation","Comorbidity indicator for atrial fibrillation","Generated by string search of medical_history.","integer","","0-1","","","medical_history in patient workbook","1 if medical_history contains atrial or afib; otherwise 0","must be 0 or 1","String-search rule should be reviewed against source text before reuse.","needs_review"
"copd","COPD","Comorbidity indicator for chronic obstructive pulmonary disease","Generated by string search of medical_history.","integer","","0-1","","","medical_history in patient workbook","1 if medical_history contains chronic obstructive or COPD; otherwise 0","must be 0 or 1","Case-sensitive COPD search may require review.","needs_review"
"chf","CHF","Comorbidity indicator for heart failure","Generated by string search of medical_history.","integer","","0-1","","","medical_history in patient workbook","1 if medical_history contains heart failure or CHF; otherwise 0","must be 0 or 1","Case-sensitive CHF search may require review.","needs_review"
"osa","OSA","Comorbidity indicator for obstructive sleep apnea","Generated by string search of medical_history.","integer","","0-1","","","medical_history in patient workbook","1 if medical_history contains obstructive sleep apnea; otherwise 0","must be 0 or 1","","needs_review"
"ckd","CKD","Comorbidity indicator for chronic kidney disease","Generated by string search of medical_history.","integer","","0-1","","","medical_history in patient workbook","1 if medical_history contains chronic kidney disease; otherwise 0","must be 0 or 1","","needs_review"
"dvt","DVT","Comorbidity indicator for DVT","Generated by string search of medical_history.","integer","","0-1","","","medical_history in patient workbook","1 if medical_history contains DVT; otherwise 0","must be 0 or 1","Case-sensitive DVT search may require review.","needs_review"
"cirrhosis","Cirrhosis","Comorbidity indicator for cirrhosis","Generated by string search of medical_history.","integer","","0-1","","","medical_history in patient workbook","1 if medical_history contains cirrhosis; otherwise 0","must be 0 or 1","","needs_review"
"malig","Malignancy","Comorbidity indicator for malignancy","Generated by string search of medical_history.","integer","","0-1","","","medical_history in patient workbook","1 if medical_history contains AML, renal cell, leukemia, bone marrow, or lymphoma; otherwise 0","must be 0 or 1","String-search rule should be reviewed against source text before reuse.","needs_review"
"reason_admit","Reason for ICU admission","Encoded admission reason category","Source icu_admission is recoded into grouped admission categories before encoding.","categorical","","source-dependent","","missing possible","icu_admission in patient workbook","Multiple source strings recoded to hemorrhagic shock, respiratory failure, septic shock, heart failure, venous thromboembolism, post-procedure, glucose / electrolytes, and other.","valid encoded category","See VR_ICU.do for exact string recodes.","verified"
"respiratory_supp","Respiratory support","Encoded respiratory support category","Source resp_support encoded for summaries.","categorical","","source-dependent","","missing possible","resp_support in patient workbook","encode resp_support, generate(respiratory_supp)","valid encoded category","","verified"
"eyeglasses","Eyeglasses indicator","Binary indicator for eyeglass use","Source glasses field cleaned and converted to binary.","integer","","0-1","0 = No Eyeglasses | 1 = Eyeglasses","missing if source not yes/no","glasses in patient workbook","eyeglasses string normalized to yes; yes -> 1; no -> 0","must be 0, 1, or missing","","verified"
"hearing","Hearing impairment","Encoded hearing impairment field","Source hearing_issues encoded for summaries.","categorical","","source-dependent","","missing possible","hearing_issues in patient workbook","encode hearing_issues, generate(hearing)","valid encoded category","","verified"
"vr_category","VR category","Grouped VR content category","Categorizes selected VR experience into nature, travel, or synthetic environment.","categorical","","Nature Scene | Travel | Synthetic Environment","","missing if source selection unmatched","vr_selection in selection workbook","Nature Trek and Nature Trek/YouTube_Taiwan -> Nature Scene; YouTube locations -> Travel; Tripp -> Synthetic Environment; then encoded.","valid encoded category","Exact source spellings are in VR_ICU.do.","verified"
"vr_sel","VR selection","Encoded original VR selection","Retains original VR selection as encoded categorical variable.","categorical","","source-dependent","","missing possible","vr_selection in selection workbook","encode vr_selection, generate(vr_sel)","valid encoded category","","verified"
"vr_minutes","Minutes of VR","Duration of VR exposure","Used in VR characteristics summary.","numeric","minutes","","","missing possible","selection workbook","Labeled as Minutes of VR.","nonnegative numeric","Confirm source field name in restricted workbook.","verified"
"vas_q1_1","Pre well-being score","Pre-VR overall well-being score","Renamed from pre_vas_q1.","numeric","1-10 scale","1-10","","missing for nonparticipants or incomplete assessment","pre_vas_q1 in selection workbook","rename pre_vas_q1 vas_q1_1","numeric in expected scale","Scale wording appears in article appendix.","verified"
"vas_q1_2","Post well-being score","Post-VR overall well-being score","Renamed from post_vas_q1.","numeric","1-10 scale","1-10","","missing for incomplete assessment","post_vas_q1 in selection workbook","rename post_vas_q1 vas_q1_2","numeric in expected scale","Scale wording appears in article appendix.","verified"
"vas_q2_1","Pre anxiety score","Pre-VR anxiety score","Renamed from pre_vas_q2.","numeric","1-10 scale","1-10","","missing for nonparticipants or incomplete assessment","pre_vas_q2 in selection workbook","rename pre_vas_q2 vas_q2_1","numeric in expected scale","","verified"
"vas_q2_2","Post anxiety score","Post-VR anxiety score","Renamed from post_vas_q2.","numeric","1-10 scale","1-10","","missing for incomplete assessment","post_vas_q2 in selection workbook","rename post_vas_q2 vas_q2_2","numeric in expected scale","","verified"
"vas_q3_1","Pre pain score","Pre-VR pain score","Renamed from pre_vas_q3.","numeric","1-10 scale","1-10","","missing for nonparticipants or incomplete assessment","pre_vas_q3 in selection workbook","rename pre_vas_q3 vas_q3_1","numeric in expected scale","","verified"
"vas_q3_2","Post pain score","Post-VR pain score","Renamed from post_vas_q3.","numeric","1-10 scale","1-10","","missing for incomplete assessment","post_vas_q3 in selection workbook","rename post_vas_q3 vas_q3_2","numeric in expected scale","","verified"
"eda_av_1","Pre EDA data quality","Encoded pre-VR EDA data quality field","Used in data-quality summaries.","categorical","","source-dependent","","missing possible","pre_eda_av in selection workbook","encode pre_eda_av, generate(eda_av_1)","valid encoded category","","verified"
"ecg_av_1","Pre ECG data quality","Encoded pre-VR ECG data quality field","Used in data-quality summaries.","categorical","","source-dependent","","missing possible","pre_ecg_av in selection workbook","encode pre_ecg_av, generate(ecg_av_1)","valid encoded category","","verified"
"ppg_av_1","Pre PPG data quality","Encoded pre-VR PPG data quality field","Used in data-quality summaries.","categorical","","source-dependent","","missing possible","pre_ppg_av in selection workbook","encode pre_ppg_av, generate(ppg_av_1)","valid encoded category","","verified"
"eda_av_2","Post EDA data quality","Encoded post-VR EDA data quality field","Used in data-quality summaries.","categorical","","source-dependent","","missing possible","post_eda_av in selection workbook","encode post_eda_av, generate(eda_av_2)","valid encoded category","","verified"
"ecg_av_2","Post ECG data quality","Encoded post-VR ECG data quality field","Used in data-quality summaries.","categorical","","source-dependent","","missing possible","post_ecg_av in selection workbook","strtrim post_ecg_av; encode post_ecg_av, generate(ecg_av_2)","valid encoded category","","verified"
"ppg_av_2","Post PPG data quality","Encoded post-VR PPG data quality field","Used in data-quality summaries.","categorical","","source-dependent","","missing possible","post_ppg_av in selection workbook","encode post_ppg_av, generate(ppg_av_2)","valid encoded category","Variable label in source script says Post ECG Data Quality; likely intended PPG.","needs_review"
"decline_reason","Decline reason category","Encoded reason for declining participation","Used in participation summaries and flow diagram preparation.","categorical","","source-dependent","","missing possible","reason_to_refuse in selection workbook","reason_to_refuse text normalized, then encoded as decline_reason","valid encoded category","See reason_declined for text form.","verified"
"reason_declined","Reason declined text","Text reason for declining participation","Used by Quarto as a side box in the enrollment diagram.","text","","","","missing for participants","reason_to_refuse in selection workbook","rename reason_to_refuse reason_declined","text or missing","","verified"
"participate","Participation indicator","Indicator for agreement to participate based on pre-VR VAS availability","Used in descriptive comparisons.","integer","","0-1","0 = Did not agree to participate | 1 = Agreed to participate","missing possible","Derived from vas_q1_1","missing vas_q1_1 -> 0; nonmissing vas_q1_1 -> 1","must be 0 or 1 when derivable","","verified"
"didnt_participate","Did not participate label","Flow-diagram text for patients without pre-VR VAS","Used for participant flow context.","text","","Did not agree to participate","","missing for participants","Derived from vas_q1_1","set to Did not agree to participate if vas_q1_1 missing","text or missing","","verified"
"didnt_finish","Did not finish label","Flow-diagram text for patients who started but lacked post-VR VAS","Used by Quarto as a side box in the enrollment diagram.","text","","Too much pain","","missing for completers","Derived from vas_q1_1 and vas_q1_2","set to Too much pain if vas_q1_1 nonmissing and vas_q1_2 missing","text or missing","","verified"
"change_vas_q1","Change in well-being score","Pre-post change in overall well-being score","Used in summary of pre-post self-reported outcomes.","numeric","scale points","","","missing if either paired score missing","Derived from vas_q1_1 and vas_q1_2","vas_q1_1 - vas_q1_2","numeric","Sign follows original Stata code.","verified"
"change_vas_q2","Change in anxiety score","Pre-post change in anxiety score","Used in summary of pre-post self-reported outcomes.","numeric","scale points","","","missing if either paired score missing","Derived from vas_q2_1 and vas_q2_2","vas_q2_1 - vas_q2_2","numeric","Sign follows original Stata code.","verified"
"change_vas_q3","Change in pain score","Pre-post change in pain score","Used in summary of pre-post self-reported outcomes.","numeric","scale points","","","missing if either paired score missing","Derived from vas_q3_1 and vas_q3_2","vas_q3_1 - vas_q3_2","numeric","Sign follows original Stata code.","verified"
"time","Pre-post time indicator","Long-form pre/post indicator for visualization","Used after reshape for VAS visualization.","integer","","1-2","1 = Pre | 2 = Post","","Derived in VR_ICU.do","Generated during reshape workflow","must be 1 or 2","","verified"
"pre","Pre graph position","Graph position for pre measurement","Used for paired visualizations.","integer","","1","1 = Pre","","Derived in VR_ICU.do","gen pre = 1","must equal 1","Recreated in different analysis sections.","verified"
"post","Post/end graph position","Graph position for post or end measurement","Used for paired visualizations.","integer","","2","2 = Post or End","","Derived in VR_ICU.do","gen post = 2","must equal 2","Label differs by analysis section.","verified"
"vas_q1_","Long well-being score","Long-form well-being score after reshape","Used in combined VAS plots.","numeric","1-10 scale","1-10","","missing possible","Derived from vas_q1_1 and vas_q1_2","reshape long vas_q1_ vas_q2_ vas_q3_ eda_av_ ecg_av_ ppg_av_, i(id) j(time)","numeric in expected scale","","verified"
"vas_q2_","Long anxiety score","Long-form anxiety score after reshape","Used in combined VAS plots.","numeric","1-10 scale","1-10","","missing possible","Derived from vas_q2_1 and vas_q2_2","reshape long vas_q1_ vas_q2_ vas_q3_ eda_av_ ecg_av_ ppg_av_, i(id) j(time)","numeric in expected scale","","verified"
"vas_q3_","Long pain score","Long-form pain score after reshape","Used in combined VAS plots.","numeric","1-10 scale","1-10","","missing possible","Derived from vas_q3_1 and vas_q3_2","reshape long vas_q1_ vas_q2_ vas_q3_ eda_av_ ecg_av_ ppg_av_, i(id) j(time)","numeric in expected scale","","verified"
"pre_hrv","Pre HRV stress index","Pre-VR HRV stress index from Kubios-derived summary","Imported from hr_data.xlsx.","numeric","stress index","","","missing possible","hr_data.xlsx / Sheet1","Imported by Stata from restricted HR workbook","numeric","Source preprocessing performed outside this repo.","verified"
"end_hrv","End HRV stress index","End-of-VR HRV stress index from Kubios-derived summary","Imported from hr_data.xlsx.","numeric","stress index","","","missing possible","hr_data.xlsx / Sheet1","Imported by Stata from restricted HR workbook","numeric","Source preprocessing performed outside this repo.","verified"
"pre_hr","Pre heart rate","Pre-VR mean heart rate","Imported from hr_data.xlsx.","numeric","beats per minute","","","missing possible","hr_data.xlsx / Sheet1","Imported by Stata from restricted HR workbook","numeric","","verified"
"end_hr","End heart rate","End-of-VR mean heart rate","Imported from hr_data.xlsx.","numeric","beats per minute","","","missing possible","hr_data.xlsx / Sheet1","Imported by Stata from restricted HR workbook","numeric","","verified"
"change_hrv","Change in HRV stress index","End minus pre HRV stress index","Used for summary of physiologic response.","numeric","stress index","","","missing if paired values missing","Derived from end_hrv and pre_hrv","end_hrv - pre_hrv","numeric","","verified"
"change_hr","Change in heart rate","End minus pre heart rate","Used for summary of physiologic response.","numeric","beats per minute","","","missing if paired values missing","Derived from end_hr and pre_hr","end_hr - pre_hr","numeric","","verified"
"hrv_1","Graph pre HRV","Renamed pre HRV for paired graphing","Used in HRV individual visualization.","numeric","stress index","","","missing possible","pre_hrv","rename pre_hrv hrv_1","numeric","","verified"
"hrv_2","Graph end HRV","Renamed end HRV for paired graphing","Used in HRV individual visualization.","numeric","stress index","","","missing possible","end_hrv","rename end_hrv hrv_2","numeric","","verified"
"hr_1","Graph pre HR","Renamed pre HR for paired graphing","Used in HR individual visualization.","numeric","beats per minute","","","missing possible","pre_hr","rename pre_hr hr_1","numeric","","verified"
"hr_2","Graph end HR","Renamed end HR for paired graphing","Used in HR individual visualization.","numeric","beats per minute","","","missing possible","end_hr","rename end_hr hr_2","numeric","","verified"
"no_survey","No survey reason","Quarto flow-diagram side-box reason for incomplete final survey","Created in the Quarto diagram workflow.","text","","Time-sensitive patient care need","","missing except matching date row","VR Consort Diagram.qmd","Set to Time-sensitive patient care need when date equals 2024-01-19","text or missing","","verified"
